NumbCode,LetterCode,SspName,EngName,Resp2HemMort,Andy,Matt,Tingley,Detecs #,# Counties,
4650,ACFL,Acadian Flycatcher,Empidonax virescens,H,1,1,1,,,
4880,AMCR,American Crow,Corvus brachyrhynchos,,0,0,1,,,
5290,AMGO,American goldfinch,Spinus tristis,,0,0,1,,,
6870,AMRE,American Redstart,Setophaga ruticilla,S,1,1,0,,,https://birdsna.org/Species-Account/bna/species/amered/introduction
7610,AMRO,American Robin,Turdus migratorius,E,1,1,1,,,
5070,BAOR,Baltimore Oriole,Icterus galbula,F,0,1,0,,,https://birdsna.org/Species-Account/bna/species/balori/introduction
6360,BAWW,Black-and-white Warbler,Mniotilta varia,F,0,1,1,,,https://birdsna.org/Species-Account/bna/species/bawwar/introduction
7350,BCCH,Black-capped chickadee,Poecile atricapillus,"F, Sn",0,1,1,,,https://birdsna.org/Species-Account/bna/species/bkcchi/introduction
7510,BGGN,Blue-gray Gnatcatcher,Polioptila caerulea,"F, S",0,1,0,,,https://birdsna.org/Species-Account/bna/species/buggna/introduction
4950,BHCO,Brown-headed Cowbird,Molothrus ater,F,1,1,1,,,
6290,BHVI,Blue-headed Vireo,Vireo solitarius,H,1,1,1,,,
6620,BLBW,Blackburnian Warbler,Setophaga fusca,H,1,1,1,,,https://birdsna.org/Species-Account/bna/species/bkbwar/introduction
4770,BLJA,Blue Jay,Cyanocitta cristata,F,0,1,1,,,https://birdsna.org/Species-Account/bna/species/blujay/introduction
7260,BRCR,Brown Creeper,Certhia americana,Sn,0,1,1,,,https://birdsna.org/Species-Account/bna/species/amtspa/introduction
6540,BTBW,Black-throated Blue Warbler,Setophaga caerulescens,,1,1,0,,,
6670,BTNW,Black-throated Green Warbler,Setophaga virens,H,1,1,1,,,https://birdsna.org/Species-Account/bna/species/btnwar/introduction
6410,BWWA,Blue-winged Warbler,Vermivora cyanoptera,"F, S, E",0,1,0,,,https://birdsna.org/Species-Account/bna/species/buwwar/introduction
7180,CARW,Carolina wren ,Thryothorus ludovicianus,Sn,0,1,0,,,https://birdsna.org/Species-Account/bna/species/carwre/introduction
6860,CAWA,Canada Warbler,Cardellina canadensis,"F, S, E",1,1,1,,,https://birdsna.org/Species-Account/bna/species/canwar/introduction
6190,CEDW,Cedar Waxwing,Bombycilla cedrorum,"F, S",0,1,1,,,https://birdsna.org/Species-Account/bna/species/cedwax/introduction
6580,CERW,Cerulean Warbler,Setophaga cerulea,-,0,1,0,,,https://birdsna.org/Species-Account/bna/species/cerwar/introduction
5600,CHSP,Chipping Sparrow,Spizella passerina,"F, E",0,1,0,,,https://birdsna.org/Species-Account/bna/species/chispa/introduction
5110,COGR,Common Grackle,Quiscalus quiscula,F,0,1,1,,,https://birdsna.org/Species-Account/bna/species/comgra/introduction
6810,COYE,Common Yellowthroat,Geothlypis trichas,S,1,1,0,,,https://birdsna.org/Species-Account/bna/species/comyel/introduction
6590,CSWA,Chestnut-sided Warbler,Setophaga pensylvanica,"F, S, E",1,1,0,,,https://birdsna.org/Species-Account/bna/species/chswar/introduction
3940,DOWO,Downy Woodpecker,Dryobates pubescens,Sn,1,0,1,,,https://birdsna.org/Species-Account/bna/species/dowwoo/introduction
4440,EAKI,Eastern Kingbird,Tyrannus tyrannus,,0,0,1,,,
4560,EAPH,Eastern Phoebe,Sayornis phoebe,,1,0,1,,,https://birdsna.org/Species-Account/bna/species/easpho/introduction
5870,EATO,Eastern Towhee,Pipilo erythrophthalmus,"F,S",1,1,1,,,
4610,EAWP,Eastern Wood-Pewee,Contopus virens,F,1,1,1,,,
5630,FISP,Field Sparrow,Spizella pusilla,F,0,1,0,,,https://birdsna.org/Species-Account/bna/species/fiespa/introduction
4520,GCFL,Great Crested Flycatcher,Myiarchus crinitus,"F, Sn",1,1,1,,,
7480,GCKI,Golden-crowned kinglet,Regulus satrapa,,0,0,1,,,
7040,GRCA,Gray Catbird,Dumetella carolinensis,"F,S",1,1,1,,,
3930,HAWO,Hairy Woodpecker,Dryobates villosus,"D, Sn",1,1,1,,,
7590,HETH,Hermit Thrush,Catharus guttatus,H,1,1,1,,,
6882,HOSP,House Sparrow,Passer domesticus,,1,0,0,,,https://birdsna.org/Species-Account/bna/species/houspa/introduction
6840,HOWA,Hooded Warbler,Setophaga citrina,"F, S",1,1,1,,,https://birdsna.org/Species-Account/bna/species/hoowar/introduction
5980,INBU,Indigo Bunting,Passerina cyanea,"F, S",1,1,0,,,https://birdsna.org/Species-Account/bna/species/indbun/introduction
4670,LEFL,Least Flycatcher,Empidonax minimus,,1,0,0,,,https://birdsna.org/Species-Account/bna/species/leafly/introduction
6760,LOWA,Louisiana Waterthrush,Parkesia motacilla,-,1,1,0,,,
6570,MAWA,Magnolia Warbler,Setophaga magnolia,H,0,0,0,,,https://birdsna.org/Species-Account/bna/species/magwar/introduction
3160,MODO,Mourning Dove,Zenaida macroura,,1,0,1,,,https://birdsna.org/Species-Account/bna/species/moudov/introduction
5930,NOCA,Northern Cardinal,Cardinalis cardinalis,"F, S",1,1,1,,,https://birdsna.org/Species-Account/bna/species/norcar/introduction
check subspecies,NOFL,Northern Flicker,Colaptes auratus,"F, Sn",0,1,1,,,https://birdsna.org/Species-Account/bna/species/norfli/introduction
6480,NOPA,Northern Parula,Setophaga americana,-,1,1,0,,,
6740,OVEN,Ovenbird,Seiurus aurocapilla,H,1,1,1,,,
6710,PIWA,Pine Warbler,Setophaga pinus,-,0,1,1,,,https://birdsna.org/Species-Account/bna/species/pinwar/introduction
4050,PIWO,Pileated Woodpecker,Dryocopus pileatus,Sn,1,1,1,,,
6730,PRAW,Prairie Warbler,Setophaga discolor,E,0,1,0,,,https://birdsna.org/Species-Account/bna/species/prawar/introduction
5950,RBGR,Rose-breasted Grosbeak,Pheucticus ludovicianus,"F, S",0,1,1,,,https://birdsna.org/Species-Account/bna/species/robgro/introduction
7280,RBNU,Red-breasted nuthatch,Sitta canadensis,H,0,0,1,,,
4090,RBWO,Red-bellied Woodpecker,Melanerpes carolinus,"D, Sn",1,1,0,,,
6240,REVI,Red-eyed Vireo,Vireo olivaceus,"D, S",1,1,1,,,
3091,RNEP,Ring-necked pheasant,Phasianus colchicus ,,0,0,1,,,
3390,RSHA,Red-shouldered hawk,Buteo lineatus,,0,0,1,,,
3370,RTHA,Red-tailed hawk,Buteo jamaicensis   ,,0,0,1,,,
4980,RWBL,Red-winged Blackbird,Agelaius phoeniceus,-,0,1,0,,,https://birdsna.org/Species-Account/bna/species/rewbla/introduction
5670,SCJU,Slate-colored Junco,Junco hyemalis hyemalis,,1,0,0,,,https://birdsna.org/Species-Account/bna/species/daejun/introduction
6080,SCTA,Scarlet Tanager,Piranga olivacea,D,1,1,1,,,https://birdsna.org/Species-Account/bna/species/scatan/introduction
5810,SOSP,Song Sparrow,Melospiza melodia,S,1,1,0,,,
7310,TUTI,Tufted Titmouse,Baeolophus bicolor,"D, Sn",1,1,1,,,https://birdsna.org/Species-Account/bna/species/tuftit/introduction
7560,VEER,Veery,Catharus fuscescens,"S, E",1,1,1,,,https://birdsna.org/Species-Account/bna/species/veery/introduction
7270,WBNU,White-breasted Nuthatch,Sitta carolinensis,"F, Sn",1,1,1,,,https://birdsna.org/Species-Account/bna/species/whbnut/introduction
6390,WEWA,Worm-eating Warbler,Helmitheros vermivorum,"D, S",1,1,1,,,
3100,WITU,Wild turkey,Meleagris gallopavo,,0,0,1,,,
7222,WIWR,Winter Wren,Troglodytes hiemalis,-,0,1,1,,,https://birdsna.org/Species-Account/bna/species/winwre3/introduction
7550,WOTH,Wood Thrush,Hylocichla mustelina,"D,S",1,1,1,,,
6520,YEWA,Yellow Warbler,Setophaga petechia,"F, S",0,1,0,,,https://birdsna.org/Species-Account/bna/species/yelwar/introduction
6280,YTVI,Yellow-throated Vireo,Vireo flavifrons,F,0,1,1,,,https://birdsna.org/Species-Account/bna/species/yetvir/introduction
4930,EUST,,,,,,,,,
6130,BARS,,,,,,,,,
4120,YSFL,,,,,,,,,
7210,HOWR,,,,,,,,,
4230,CHSW,,,,,,,,,
5010,EAME,,,,,,,,,
5190,HOFI,,,,,,,,,
7030,NOMO,,,,,,,,,
,,Dark-eyed junco Junco hyemalis,,,,,,,,
